Speaker,Response,Timestamp
Salesman,Hello! I'm excited to introduce you to our latest product.,2024-06-13 23:07:44
Customer,"I use a basic to-do list app, but it lacks some features I need.",2024-06-13 23:07:44
Salesman,"Our product offers advanced features like task prioritization, reminders, and collaboration tools.",2024-06-13 23:07:44
Customer,"Yes, that sounds great!
    Salesman: Great! I’ll schedule a demo for you.",2024-06-13 23:07:44
Salesman,Can you tell me more about the features you are looking for?,2024-06-13 23:07:44
Customer,"Well, I need features that help me track my progress and collaborate with my team.",2024-06-13 23:07:44
Salesman,We have just the solution for you! Our product allows real-time collaboration and provides detailed progress tracking.,2024-06-13 23:07:44
Customer,That sounds exactly like what I need.,2024-06-13 23:07:44
Salesman,You can start by signing up on our website.,2024-06-13 23:07:44
Customer,Thank you! That would be very helpful.,2024-06-13 23:07:44
Salesman,My pleasure! Let’s get you set up.,2024-06-13 23:07:44
Customer,Not at the moment.,2024-06-13 23:07:44
Salesman,Fantastic! I’ll be here if you need any further assistance.,2024-06-13 23:07:44
Salesman,"If you have any questions, you can reach out to us at sales@customerscan.com or via Twitter at @customerscan.",2024-06-13 23:07:44
Salesman,Hello! I'm excited to introduce you to our latest product.,2024-06-13 23:08:05
Customer,"I use a basic to-do list app, but it lacks some features I need.",2024-06-13 23:08:05
Salesman,"Our product offers advanced features like task prioritization, reminders, and collaboration tools.",2024-06-13 23:08:05
Customer,"Yes, that sounds great!
    Salesman: Great! I’ll schedule a demo for you.",2024-06-13 23:08:05
Salesman,Can you tell me more about the features you are looking for?,2024-06-13 23:08:05
Customer,"Well, I need features that help me track my progress and collaborate with my team.",2024-06-13 23:08:05
Salesman,We have just the solution for you! Our product allows real-time collaboration and provides detailed progress tracking.,2024-06-13 23:08:05
Customer,That sounds exactly like what I need.,2024-06-13 23:08:05
Salesman,You can start by signing up on our website.,2024-06-13 23:08:05
Customer,Thank you! That would be very helpful.,2024-06-13 23:08:05
Salesman,My pleasure! Let’s get you set up.,2024-06-13 23:08:05
Customer,Not at the moment.,2024-06-13 23:08:05
Salesman,Fantastic! I’ll be here if you need any further assistance.,2024-06-13 23:08:05
Salesman,Hello! I'm excited to introduce you to our latest product.,2024-06-13 23:08:05
Customer,"I use a basic to-do list app, but it lacks some features I need.",2024-06-13 23:08:05
Salesman,"Our product offers advanced features like task prioritization, reminders, and collaboration tools.",2024-06-13 23:08:05
Customer,"Yes, that sounds great!
    Salesman: Great! I’ll schedule a demo for you.",2024-06-13 23:08:05
Salesman,Can you tell me more about the features you are looking for?,2024-06-13 23:08:05
Customer,"Well, I need features that help me track my progress and collaborate with my team.",2024-06-13 23:08:05
Salesman,We have just the solution for you! Our product allows real-time collaboration and provides detailed progress tracking.,2024-06-13 23:08:05
Customer,That sounds exactly like what I need.,2024-06-13 23:08:05
Salesman,You can start by signing up on our website.,2024-06-13 23:08:05
Customer,Thank you! That would be very helpful.,2024-06-13 23:08:05
Salesman,My pleasure! Let’s get you set up.,2024-06-13 23:08:05
Customer,Not at the moment.,2024-06-13 23:08:05
Salesman,Fantastic! I’ll be here if you need any further assistance.,2024-06-13 23:08:05
Salesman,"If you have any questions, you can reach out to us at sales@customerscan.com or via Twitter at @customerscan.",2024-06-13 23:08:05
Salesman,We have just the solution for you! Our product allows real-time collaboration and provides detailed progress tracking.,2024-06-13 23:08:55
Customer,That sounds exactly like what I need.,2024-06-13 23:08:55
Salesman,You can start by signing up on our website.,2024-06-13 23:08:55
Customer,Thank you! That would be very helpful.,2024-06-13 23:08:55
Salesman,My pleasure! Let’s get you set up.,2024-06-13 23:08:55
Customer,Not at the moment.,2024-06-13 23:08:55
Salesman,Fantastic! I’ll be here if you need any further assistance.,2024-06-13 23:08:55
Salesman,Hello! I'm excited to introduce you to our latest product.,2024-06-13 23:08:55
Customer,"I use a basic to-do list app, but it lacks some features I need.",2024-06-13 23:08:55
Salesman,"Our product offers advanced features like task prioritization, reminders, and collaboration tools.",2024-06-13 23:08:55
Customer,"Yes, that sounds great!
    Salesman: Great! I’ll schedule a demo for you.",2024-06-13 23:08:55
Salesman,Can you tell me more about the features you are looking for?,2024-06-13 23:08:55
Customer,"Well, I need features that help me track my progress and collaborate with my team.",2024-06-13 23:08:55
Salesman,We have just the solution for you! Our product allows real-time collaboration and provides detailed progress tracking.,2024-06-13 23:08:55
Customer,That sounds exactly like what I need.,2024-06-13 23:08:55
Salesman,You can start by signing up on our website.,2024-06-13 23:08:55
Customer,Thank you! That would be very helpful.,2024-06-13 23:08:55
Salesman,My pleasure! Let’s get you set up.,2024-06-13 23:08:55
Customer,Not at the moment.,2024-06-13 23:08:55
Salesman,Fantastic! I’ll be here if you need any further assistance.,2024-06-13 23:08:55
Salesman,"If you have any questions, you can reach out to us at sales@customerscan.com or via Twitter at @customerscan.",2024-06-13 23:08:55
Salesman,Hello! I'm excited to introduce you to our latest product.,2024-06-13 23:08:55
Customer,"I use a basic to-do list app, but it lacks some features I need.",2024-06-13 23:08:55
Salesman,"Our product offers advanced features like task prioritization, reminders, and collaboration tools.",2024-06-13 23:08:55
Customer,"Yes, that sounds great!
    Salesman: Great! I’ll schedule a demo for you.",2024-06-13 23:08:55
Salesman,Can you tell me more about the features you are looking for?,2024-06-13 23:08:55
Customer,"Well, I need features that help me track my progress and collaborate with my team.",2024-06-13 23:08:55
Salesman,We have just the solution for you! Our product allows real-time collaboration and provides detailed progress tracking.,2024-06-13 23:08:55
Customer,That sounds exactly like what I need.,2024-06-13 23:08:55
Salesman,You can start by signing up on our website.,2024-06-13 23:08:55
Customer,Thank you! That would be very helpful.,2024-06-13 23:08:55
Salesman,My pleasure! Let’s get you set up.,2024-06-13 23:08:55
Customer,Not at the moment.,2024-06-13 23:08:55
Salesman,Fantastic! I’ll be here if you need any further assistance.,2024-06-13 23:08:55
Salesman,Hello! I'm excited to introduce you to our latest product.,2024-06-13 23:08:55
Customer,"I use a basic to-do list app, but it lacks some features I need.",2024-06-13 23:08:55
Salesman,"Our product offers advanced features like task prioritization, reminders, and collaboration tools.",2024-06-13 23:08:55
Customer,"Yes, that sounds great!
    Salesman: Great! I’ll schedule a demo for you.",2024-06-13 23:08:55
Salesman,Can you tell me more about the features you are looking for?,2024-06-13 23:08:55
Customer,"Well, I need features that help me track my progress and collaborate with my team.",2024-06-13 23:08:55
Salesman,We have just the solution for you! Our product allows real-time collaboration and provides detailed progress tracking.,2024-06-13 23:08:55
Customer,That sounds exactly like what I need.,2024-06-13 23:08:55
Salesman,You can start by signing up on our website.,2024-06-13 23:08:55
Customer,Thank you! That would be very helpful.,2024-06-13 23:08:55
Salesman,My pleasure! Let’s get you set up.,2024-06-13 23:08:55
Customer,Not at the moment.,2024-06-13 23:08:55
Salesman,Fantastic! I’ll be here if you need any further assistance.,2024-06-13 23:08:55
Salesman,"If you have any questions, you can reach out to us at sales@customerscan.com or via Twitter at @customerscan.",2024-06-13 23:08:55
Salesman,Hello! I'm excited to introduce you to our latest product.,2024-06-13 23:08:55
Customer,"I use a basic to-do list app, but it lacks some features I need.",2024-06-13 23:08:55
Salesman,"Our product offers advanced features like task prioritization, reminders, and collaboration tools.",2024-06-13 23:08:55
Customer,"Yes, that sounds great!
Salesman: You can start by signing up on our website.",2024-06-13 23:08:55
Customer,Thank you! That would be very helpful.,2024-06-13 23:08:55
Salesman,My pleasure! Let,2024-06-13 23:08:55
Salesman,You can start by signing up on our website.,2024-06-13 23:09:42
Customer,Thank you! That would be very helpful.,2024-06-13 23:09:42
Salesman,My pleasure! Let’s get you set up.,2024-06-13 23:09:42
Customer,Not at the moment.,2024-06-13 23:09:42
Salesman,Fantastic! I’ll be here if you need any further assistance.,2024-06-13 23:09:42
Salesman,Hello! I'm excited to introduce you to our latest product.,2024-06-13 23:09:42
Customer,"I use a basic to-do list app, but it lacks some features I need.",2024-06-13 23:09:42
Salesman,"Our product offers advanced features like task prioritization, reminders, and collaboration tools.",2024-06-13 23:09:42
Customer,"Yes, that sounds great!
    Salesman: Great! I’ll schedule a demo for you.",2024-06-13 23:09:42
Salesman,Can you tell me more about the features you are looking for?,2024-06-13 23:09:42
Customer,"Well, I need features that help me track my progress and collaborate with my team.",2024-06-13 23:09:42
Salesman,We have just the solution for you! Our product allows real-time collaboration and provides detailed progress tracking.,2024-06-13 23:09:42
Customer,That sounds exactly like what I need.,2024-06-13 23:09:42
Salesman,You can start by signing up on our website.,2024-06-13 23:09:42
Customer,Thank you! That would be very helpful.,2024-06-13 23:09:42
Salesman,My pleasure! Let’s get you set up.,2024-06-13 23:09:42
Customer,Not at the moment.,2024-06-13 23:09:42
Salesman,Fantastic! I’ll be here if you need any further assistance.,2024-06-13 23:09:42
Salesman,"If you have any questions, you can reach out to us at sales@customerscan.com or via Twitter at @customerscan.",2024-06-13 23:09:42
Salesman,Hello! I'm excited to introduce you to our latest product.,2024-06-13 23:09:42
Customer,"I use a basic to-do list app, but it lacks some features I need.",2024-06-13 23:09:42
Salesman,"Our product offers advanced features like task prioritization, reminders, and collaboration tools.",2024-06-13 23:09:42
Customer,"Yes, that sounds great!
    Salesman: Great! I’ll schedule a demo for you.",2024-06-13 23:09:42
Salesman,Can you tell me more about the features you are looking for?,2024-06-13 23:09:42
Customer,"Well, I need features that help me track my progress and collaborate with my team.",2024-06-13 23:09:42
Salesman,We have just the solution for you! Our product allows real-time collaboration and provides detailed progress tracking.,2024-06-13 23:09:42
Customer,That sounds exactly like what I need.,2024-06-13 23:09:42
Salesman,You can start by signing up on our website.,2024-06-13 23:09:42
Customer,Thank you! That would be very helpful.,2024-06-13 23:09:42
Salesman,My pleasure! Let’s get you set up.,2024-06-13 23:09:42
Customer,Not at the moment.,2024-06-13 23:09:42
Salesman,Fantastic! I’ll be here if you need any further assistance.,2024-06-13 23:09:42
Salesman,Hello! I'm excited to introduce you to our latest product.,2024-06-13 23:09:42
Customer,"I use a basic to-do list app, but it lacks some features I need.",2024-06-13 23:09:42
Salesman,"Our product offers advanced features like task prioritization, reminders, and collaboration tools.",2024-06-13 23:09:42
Customer,"Yes, that sounds great!
    Salesman: Great! I’ll schedule a demo for you.",2024-06-13 23:09:42
Salesman,Can you tell me more about the features you are looking for?,2024-06-13 23:09:42
Customer,"Well, I need features that help me track my progress and collaborate with my team.",2024-06-13 23:09:42
Salesman,We have just the solution for you! Our product allows real-time collaboration and provides detailed progress tracking.,2024-06-13 23:09:42
Customer,That sounds exactly like what I need.,2024-06-13 23:09:42
Salesman,You can start by signing up on our website.,2024-06-13 23:09:42
Customer,Thank you! That would be very helpful.,2024-06-13 23:09:42
Salesman,My pleasure! Let’s get you set up.,2024-06-13 23:09:42
Customer,Not at the moment.,2024-06-13 23:09:42
Salesman,Fantastic! I’ll be here if you need any further assistance.,2024-06-13 23:09:42
Salesman,"If you have any questions, you can reach out to us at sales@customerscan.com or via Twitter at @customerscan.",2024-06-13 23:09:42
Salesman,Hello! I'm excited to introduce you to our latest product.,2024-06-13 23:09:42
Customer,"I use a basic to-do list app, but it lacks some features I need.",2024-06-13 23:09:42
Salesman,"Our product offers advanced features like task prioritization, reminders, and collaboration tools.",2024-06-13 23:09:42
Customer,"Yes, that sounds great!
Salesman: You can start by signing up on our website.",2024-06-13 23:09:42
Customer,Thank you! That would be very helpful.,2024-06-13 23:09:42
Salesman,"My pleasure! Let
’ bes you set up.",2024-06-13 23:09:42
Customer,Not at the moment.,2024-06-13 23:09:42
Salesman,Fantastic! I’ll be here if you need any further assistance.,2024-06-13 23:09:42
Salesman,"If you have any questions, you can reach out to us at sales@customerscan.com or via Twitter at @customerscan.",2024-06-13 23:09:42
Salesman,Hello! I'm excited to introduce you to our latest product.,2024-06-13 23:09:42
Customer,"I use a basic to-do list app, but it",2024-06-13 23:09:42
Salesman,"Our product offers advanced features like task prioritization, reminders, and collaboration tools.",2024-06-13 23:10:28
Customer,"Yes, that sounds great!
    Salesman: Great! I’ll schedule a demo for you.",2024-06-13 23:10:28
Salesman,Can you tell me more about the features you are looking for?,2024-06-13 23:10:28
Customer,"Well, I need features that help me track my progress and collaborate with my team.",2024-06-13 23:10:28
Salesman,We have just the solution for you! Our product allows real-time collaboration and provides detailed progress tracking.,2024-06-13 23:10:28
Customer,That sounds exactly like what I need.,2024-06-13 23:10:28
Salesman,You can start by signing up on our website.,2024-06-13 23:10:28
Customer,Thank you! That would be very helpful.,2024-06-13 23:10:28
Salesman,My pleasure! Let’s get you set up.,2024-06-13 23:10:28
Customer,Not at the moment.,2024-06-13 23:10:28
Salesman,Fantastic! I’ll be here if you need any further assistance.,2024-06-13 23:10:28
Salesman,"If you have any questions, you can reach out to us at sales@customerscan.com or via Twitter at @customerscan.",2024-06-13 23:10:28
Salesman,Hello! I'm excited to introduce you to our latest product.,2024-06-13 23:10:28
Customer,"I use a basic to-do list app, but it lacks some features I need.",2024-06-13 23:10:28
Salesman,"Our product offers advanced features like task prioritization, reminders, and collaboration tools.",2024-06-13 23:10:28
Customer,"Yes, that sounds great!
    Salesman: Great! I’ll schedule a demo for you.",2024-06-13 23:10:28
Salesman,Can you tell me more about the features you are looking for?,2024-06-13 23:10:28
Customer,"Well, I need features that help me track my progress and collaborate with my team.",2024-06-13 23:10:28
Salesman,We have just the solution for you! Our product allows real-time collaboration and provides detailed progress tracking.,2024-06-13 23:10:28
Customer,That sounds exactly like what I need.,2024-06-13 23:10:28
Salesman,You can start by signing up on our website.,2024-06-13 23:10:28
Customer,Thank you! That would be very helpful.,2024-06-13 23:10:28
Salesman,My pleasure! Let’s get you set up.,2024-06-13 23:10:28
Customer,Not at the moment.,2024-06-13 23:10:28
Salesman,Fantastic! I’ll be here if you need any further assistance.,2024-06-13 23:10:28
Salesman,Hello! I'm excited to introduce you to our latest product.,2024-06-13 23:10:28
Customer,"I use a basic to-do list app, but it lacks some features I need.",2024-06-13 23:10:28
Salesman,"Our product offers advanced features like task prioritization, reminders, and collaboration tools.",2024-06-13 23:10:28
Customer,"Yes, that sounds great!
    Salesman: Great! I’ll schedule a demo for you.",2024-06-13 23:10:28
Salesman,Can you tell me more about the features you are looking for?,2024-06-13 23:10:28
Customer,"Well, I need features that help me track my progress and collaborate with my team.",2024-06-13 23:10:28
Salesman,We have just the solution for you! Our product allows real-time collaboration and provides detailed progress tracking.,2024-06-13 23:10:28
Customer,That sounds exactly like what I need.,2024-06-13 23:10:28
Salesman,You can start by signing up on our website.,2024-06-13 23:10:28
Customer,Thank you! That would be very helpful.,2024-06-13 23:10:28
Salesman,My pleasure! Let’s get you set up.,2024-06-13 23:10:28
Customer,Not at the moment.,2024-06-13 23:10:28
Salesman,Fantastic! I’ll be here if you need any further assistance.,2024-06-13 23:10:28
Salesman,"If you have any questions, you can reach out to us at sales@customerscan.com or via Twitter at @customerscan.",2024-06-13 23:10:28
Salesman,Hello! I'm excited to introduce you to our latest product.,2024-06-13 23:10:28
Customer,"I use a basic to-do list app, but it lacks some features I need.",2024-06-13 23:10:28
Salesman,"Our product offers advanced features like task prioritization, reminders, and collaboration tools.",2024-06-13 23:10:28
Customer,"Yes, that sounds great!
Salesman: You can start by signing up on our website.",2024-06-13 23:10:28
Customer,Thank you! That would be very helpful.,2024-06-13 23:10:28
Salesman,"My pleasure! Let
’ bes you set up.",2024-06-13 23:10:28
Customer,Not at the moment.,2024-06-13 23:10:28
Salesman,Fantastic! I’ll be here if you need any further assistance.,2024-06-13 23:10:28
Salesman,"If you have any questions, you can reach out to us at sales@customerscan.com or via Twitter at @customerscan.",2024-06-13 23:10:28
Salesman,Hello! I'm excited to introduce you to our latest product.,2024-06-13 23:10:28
Customer,"I use a basic to-do list app, but it
’ lacks some features I need.",2024-06-13 23:10:28
Salesman,"Our product offers advanced features like task prioritization, reminders, and collaboration tools.",2024-06-13 23:10:28
Customer,"Yes, that sounds great!
 Salesman: You can start by signing up on our website.",2024-06-13 23:10:28
Customer,Thank you! That would be very helpful.,2024-06-13 23:10:28
Salesman,My pleasure! Let's get you set up.,2024-06-13 23:10:28
Customer,Not at the moment.,2024-06-13 23:10:28
Salesman,Fantastic! I’ll be here if you need,2024-06-13 23:10:28
Customer,That sounds exactly like what I need.,2024-06-13 23:11:13
Salesman,You can start by signing up on our website.,2024-06-13 23:11:13
Customer,Thank you! That would be very helpful.,2024-06-13 23:11:13
Salesman,My pleasure! Let’s get you set up.,2024-06-13 23:11:13
Customer,Not at the moment.,2024-06-13 23:11:13
Salesman,Fantastic! I’ll be here if you need any further assistance.,2024-06-13 23:11:13
Salesman,"If you have any questions, you can reach out to us at sales@customerscan.com or via Twitter at @customerscan.",2024-06-13 23:11:13
Salesman,Hello! I'm excited to introduce you to our latest product.,2024-06-13 23:11:13
Customer,"I use a basic to-do list app, but it lacks some features I need.",2024-06-13 23:11:13
Salesman,"Our product offers advanced features like task prioritization, reminders, and collaboration tools.",2024-06-13 23:11:13
Customer,"Yes, that sounds great!
    Salesman: Great! I’ll schedule a demo for you.",2024-06-13 23:11:13
Salesman,Can you tell me more about the features you are looking for?,2024-06-13 23:11:13
Customer,"Well, I need features that help me track my progress and collaborate with my team.",2024-06-13 23:11:13
Salesman,We have just the solution for you! Our product allows real-time collaboration and provides detailed progress tracking.,2024-06-13 23:11:13
Customer,That sounds exactly like what I need.,2024-06-13 23:11:13
Salesman,You can start by signing up on our website.,2024-06-13 23:11:13
Customer,Thank you! That would be very helpful.,2024-06-13 23:11:13
Salesman,My pleasure! Let’s get you set up.,2024-06-13 23:11:13
Customer,Not at the moment.,2024-06-13 23:11:13
Salesman,Fantastic! I’ll be here if you need any further assistance.,2024-06-13 23:11:13
Salesman,Hello! I'm excited to introduce you to our latest product.,2024-06-13 23:11:13
Customer,"I use a basic to-do list app, but it lacks some features I need.",2024-06-13 23:11:13
Salesman,"Our product offers advanced features like task prioritization, reminders, and collaboration tools.",2024-06-13 23:11:13
Customer,"Yes, that sounds great!
    Salesman: Great! I’ll schedule a demo for you.",2024-06-13 23:11:13
Salesman,Can you tell me more about the features you are looking for?,2024-06-13 23:11:13
Customer,"Well, I need features that help me track my progress and collaborate with my team.",2024-06-13 23:11:13
Salesman,We have just the solution for you! Our product allows real-time collaboration and provides detailed progress tracking.,2024-06-13 23:11:13
Customer,That sounds exactly like what I need.,2024-06-13 23:11:13
Salesman,You can start by signing up on our website.,2024-06-13 23:11:13
Customer,Thank you! That would be very helpful.,2024-06-13 23:11:13
Salesman,My pleasure! Let’s get you set up.,2024-06-13 23:11:13
Customer,Not at the moment.,2024-06-13 23:11:13
Salesman,Fantastic! I’ll be here if you need any further assistance.,2024-06-13 23:11:13
Salesman,"If you have any questions, you can reach out to us at sales@customerscan.com or via Twitter at @customerscan.",2024-06-13 23:11:13
Salesman,Hello! I'm excited to introduce you to our latest product.,2024-06-13 23:11:13
Customer,"I use a basic to-do list app, but it lacks some features I need.",2024-06-13 23:11:13
Salesman,"Our product offers advanced features like task prioritization, reminders, and collaboration tools.",2024-06-13 23:11:13
Customer,"Yes, that sounds great!
Salesman: You can start by signing up on our website.",2024-06-13 23:11:13
Customer,Thank you! That would be very helpful.,2024-06-13 23:11:13
Salesman,"My pleasure! Let
’ bes you set up.",2024-06-13 23:11:13
Customer,Not at the moment.,2024-06-13 23:11:13
Salesman,Fantastic! I’ll be here if you need any further assistance.,2024-06-13 23:11:13
Salesman,"If you have any questions, you can reach out to us at sales@customerscan.com or via Twitter at @customerscan.",2024-06-13 23:11:13
Salesman,Hello! I'm excited to introduce you to our latest product.,2024-06-13 23:11:13
Customer,"I use a basic to-do list app, but it
’ lacks some features I need.",2024-06-13 23:11:13
Salesman,"Our product offers advanced features like task prioritization, reminders, and collaboration tools.",2024-06-13 23:11:13
Customer,"Yes, that sounds great!
 Salesman: You can start by signing up on our website.",2024-06-13 23:11:13
Customer,Thank you! That would be very helpful.,2024-06-13 23:11:13
Salesman,My pleasure! Let's get you set up.,2024-06-13 23:11:13
Customer,Not at the moment.,2024-06-13 23:11:13
Salesman,"Fantastic! I’ll be here if you need
’ any further assistance.",2024-06-13 23:11:13
Salesman,"If you have any questions, you can reach out to us at sales@customerscan.com or via Twitter at @customerscan.",2024-06-13 23:11:13
Salesman,Hello! I'm excited to introduce you to our latest product.,2024-06-13 23:11:13
Customer,"I use a basic to-do list app, but it lacks some features I need.",2024-06-13 23:11:13
Salesman,"Our product offers advanced features like task prioritization, reminders, and collaboration tools.",2024-06-13 23:11:13
Salesman,"If you have any questions, you can reach out to us at sales@customerscan.com or via Twitter at @customerscan.",2024-06-13 23:11:58
Salesman,Hello! I'm excited to introduce you to our latest product.,2024-06-13 23:11:58
Customer,"I use a basic to-do list app, but it lacks some features I need.",2024-06-13 23:11:58
Salesman,"Our product offers advanced features like task prioritization, reminders, and collaboration tools.",2024-06-13 23:11:58
Customer,"Yes, that sounds great!
    Salesman: Great! I’ll schedule a demo for you.",2024-06-13 23:11:58
Salesman,Can you tell me more about the features you are looking for?,2024-06-13 23:11:58
Customer,"Well, I need features that help me track my progress and collaborate with my team.",2024-06-13 23:11:58
Salesman,We have just the solution for you! Our product allows real-time collaboration and provides detailed progress tracking.,2024-06-13 23:11:58
Customer,That sounds exactly like what I need.,2024-06-13 23:11:58
Salesman,You can start by signing up on our website.,2024-06-13 23:11:58
Customer,Thank you! That would be very helpful.,2024-06-13 23:11:58
Salesman,My pleasure! Let’s get you set up.,2024-06-13 23:11:58
Customer,Not at the moment.,2024-06-13 23:11:58
Salesman,Fantastic! I’ll be here if you need any further assistance.,2024-06-13 23:11:58
Salesman,Hello! I'm excited to introduce you to our latest product.,2024-06-13 23:11:58
Customer,"I use a basic to-do list app, but it lacks some features I need.",2024-06-13 23:11:58
Salesman,"Our product offers advanced features like task prioritization, reminders, and collaboration tools.",2024-06-13 23:11:58
Customer,"Yes, that sounds great!
    Salesman: Great! I’ll schedule a demo for you.",2024-06-13 23:11:58
Salesman,Can you tell me more about the features you are looking for?,2024-06-13 23:11:58
Customer,"Well, I need features that help me track my progress and collaborate with my team.",2024-06-13 23:11:58
Salesman,We have just the solution for you! Our product allows real-time collaboration and provides detailed progress tracking.,2024-06-13 23:11:58
Customer,That sounds exactly like what I need.,2024-06-13 23:11:58
Salesman,You can start by signing up on our website.,2024-06-13 23:11:58
Customer,Thank you! That would be very helpful.,2024-06-13 23:11:58
Salesman,My pleasure! Let’s get you set up.,2024-06-13 23:11:58
Customer,Not at the moment.,2024-06-13 23:11:58
Salesman,Fantastic! I’ll be here if you need any further assistance.,2024-06-13 23:11:58
Salesman,"If you have any questions, you can reach out to us at sales@customerscan.com or via Twitter at @customerscan.",2024-06-13 23:11:58
Salesman,Hello! I'm excited to introduce you to our latest product.,2024-06-13 23:11:58
Customer,"I use a basic to-do list app, but it lacks some features I need.",2024-06-13 23:11:58
Salesman,"Our product offers advanced features like task prioritization, reminders, and collaboration tools.",2024-06-13 23:11:58
Customer,"Yes, that sounds great!
Salesman: You can start by signing up on our website.",2024-06-13 23:11:58
Customer,Thank you! That would be very helpful.,2024-06-13 23:11:58
Salesman,"My pleasure! Let
’ bes you set up.",2024-06-13 23:11:58
Customer,Not at the moment.,2024-06-13 23:11:58
Salesman,Fantastic! I’ll be here if you need any further assistance.,2024-06-13 23:11:58
Salesman,"If you have any questions, you can reach out to us at sales@customerscan.com or via Twitter at @customerscan.",2024-06-13 23:11:58
Salesman,Hello! I'm excited to introduce you to our latest product.,2024-06-13 23:11:58
Customer,"I use a basic to-do list app, but it
’ lacks some features I need.",2024-06-13 23:11:58
Salesman,"Our product offers advanced features like task prioritization, reminders, and collaboration tools.",2024-06-13 23:11:58
Customer,"Yes, that sounds great!
 Salesman: You can start by signing up on our website.",2024-06-13 23:11:58
Customer,Thank you! That would be very helpful.,2024-06-13 23:11:58
Salesman,My pleasure! Let's get you set up.,2024-06-13 23:11:58
Customer,Not at the moment.,2024-06-13 23:11:58
Salesman,"Fantastic! I’ll be here if you need
’ any further assistance.",2024-06-13 23:11:58
Salesman,"If you have any questions, you can reach out to us at sales@customerscan.com or via Twitter at @customerscan.",2024-06-13 23:11:58
Salesman,Hello! I'm excited to introduce you to our latest product.,2024-06-13 23:11:58
Customer,"I use a basic to-do list app, but it lacks some features I need.",2024-06-13 23:11:58
Salesman,"Our product offers advanced features like task prioritization, reminders, and collaboration tools.",2024-06-13 23:11:58
Customer,"Yes, that sounds great!
Salesman: You can start by signing up on our website.",2024-06-13 23:11:58
Customer,Thank you! That would be very helpful.,2024-06-13 23:11:58
Salesman,My pleasure! Let's get you set up.,2024-06-13 23:11:58
Customer,Not at the moment.,2024-06-13 23:11:58
Salesman,Fantastic! I’ll be here if you need any further assistance.,2024-06-13 23:11:58
Salesman,"If you have any questions, you can reach out to us at sales@customerscan.com or",2024-06-13 23:11:58
Salesman,Great! I’ll schedule a demo for you.,2024-06-13 23:12:43
Salesman,Can you tell me more about the features you are looking for?,2024-06-13 23:12:43
Customer,"Well, I need features that help me track my progress and collaborate with my team.",2024-06-13 23:12:43
Salesman,We have just the solution for you! Our product allows real-time collaboration and provides detailed progress tracking.,2024-06-13 23:12:43
Customer,That sounds exactly like what I need.,2024-06-13 23:12:43
Salesman,You can start by signing up on our website.,2024-06-13 23:12:43
Customer,Thank you! That would be very helpful.,2024-06-13 23:12:43
Salesman,My pleasure! Let’s get you set up.,2024-06-13 23:12:43
Customer,Not at the moment.,2024-06-13 23:12:43
Salesman,Fantastic! I’ll be here if you need any further assistance.,2024-06-13 23:12:43
Salesman,Hello! I'm excited to introduce you to our latest product.,2024-06-13 23:12:43
Customer,"I use a basic to-do list app, but it lacks some features I need.",2024-06-13 23:12:43
Salesman,"Our product offers advanced features like task prioritization, reminders, and collaboration tools.",2024-06-13 23:12:43
Customer,"Yes, that sounds great!
    Salesman: Great! I’ll schedule a demo for you.",2024-06-13 23:12:43
Salesman,Can you tell me more about the features you are looking for?,2024-06-13 23:12:43
Customer,"Well, I need features that help me track my progress and collaborate with my team.",2024-06-13 23:12:43
Salesman,We have just the solution for you! Our product allows real-time collaboration and provides detailed progress tracking.,2024-06-13 23:12:43
Customer,That sounds exactly like what I need.,2024-06-13 23:12:43
Salesman,You can start by signing up on our website.,2024-06-13 23:12:43
Customer,Thank you! That would be very helpful.,2024-06-13 23:12:43
Salesman,My pleasure! Let’s get you set up.,2024-06-13 23:12:43
Customer,Not at the moment.,2024-06-13 23:12:43
Salesman,Fantastic! I’ll be here if you need any further assistance.,2024-06-13 23:12:43
Salesman,"If you have any questions, you can reach out to us at sales@customerscan.com or via Twitter at @customerscan.",2024-06-13 23:12:43
Salesman,Hello! I'm excited to introduce you to our latest product.,2024-06-13 23:12:43
Customer,"I use a basic to-do list app, but it lacks some features I need.",2024-06-13 23:12:43
Salesman,"Our product offers advanced features like task prioritization, reminders, and collaboration tools.",2024-06-13 23:12:43
Customer,"Yes, that sounds great!
Salesman: You can start by signing up on our website.",2024-06-13 23:12:43
Customer,Thank you! That would be very helpful.,2024-06-13 23:12:43
Salesman,"My pleasure! Let
’ bes you set up.",2024-06-13 23:12:43
Customer,Not at the moment.,2024-06-13 23:12:43
Salesman,Fantastic! I’ll be here if you need any further assistance.,2024-06-13 23:12:43
Salesman,"If you have any questions, you can reach out to us at sales@customerscan.com or via Twitter at @customerscan.",2024-06-13 23:12:43
Salesman,Hello! I'm excited to introduce you to our latest product.,2024-06-13 23:12:43
Customer,"I use a basic to-do list app, but it
’ lacks some features I need.",2024-06-13 23:12:43
Salesman,"Our product offers advanced features like task prioritization, reminders, and collaboration tools.",2024-06-13 23:12:43
Customer,"Yes, that sounds great!
 Salesman: You can start by signing up on our website.",2024-06-13 23:12:43
Customer,Thank you! That would be very helpful.,2024-06-13 23:12:43
Salesman,My pleasure! Let's get you set up.,2024-06-13 23:12:43
Customer,Not at the moment.,2024-06-13 23:12:43
Salesman,"Fantastic! I’ll be here if you need
’ any further assistance.",2024-06-13 23:12:43
Salesman,"If you have any questions, you can reach out to us at sales@customerscan.com or via Twitter at @customerscan.",2024-06-13 23:12:43
Salesman,Hello! I'm excited to introduce you to our latest product.,2024-06-13 23:12:43
Customer,"I use a basic to-do list app, but it lacks some features I need.",2024-06-13 23:12:43
Salesman,"Our product offers advanced features like task prioritization, reminders, and collaboration tools.",2024-06-13 23:12:43
Customer,"Yes, that sounds great!
Salesman: You can start by signing up on our website.",2024-06-13 23:12:43
Customer,Thank you! That would be very helpful.,2024-06-13 23:12:43
Salesman,My pleasure! Let's get you set up.,2024-06-13 23:12:43
Customer,Not at the moment.,2024-06-13 23:12:43
Salesman,Fantastic! I’ll be here if you need any further assistance.,2024-06-13 23:12:43
Salesman,"If you have any questions, you can reach out to us at sales@customerscan.com or
’ via Twitter at @customerscan.",2024-06-13 23:12:43
Salesman,Hello! I'm excited to introduce you to our latest product.,2024-06-13 23:12:43
Customer,"I use a basic to-do list app, but it lacks some features I need.",2024-06-13 23:12:43
Salesman,"Our product offers advanced features like task prioritization, reminders, and collaboration tools.",2024-06-13 23:12:43
Customer,"Yes, that sounds great!
Salesman: You can start by signing up on our website.",2024-06-13 23:12:43
Customer,Thank you! That would be,2024-06-13 23:12:43
Customer,Thank you! That would be very helpful.,2024-06-13 23:13:27
Salesman,My pleasure! Let’s get you set up.,2024-06-13 23:13:27
Customer,Not at the moment.,2024-06-13 23:13:27
Salesman,Fantastic! I’ll be here if you need any further assistance.,2024-06-13 23:13:27
Salesman,Hello! I'm excited to introduce you to our latest product.,2024-06-13 23:13:27
Customer,"I use a basic to-do list app, but it lacks some features I need.",2024-06-13 23:13:27
Salesman,"Our product offers advanced features like task prioritization, reminders, and collaboration tools.",2024-06-13 23:13:27
Customer,"Yes, that sounds great!
    Salesman: Great! I’ll schedule a demo for you.",2024-06-13 23:13:27
Salesman,Can you tell me more about the features you are looking for?,2024-06-13 23:13:27
Customer,"Well, I need features that help me track my progress and collaborate with my team.",2024-06-13 23:13:27
Salesman,We have just the solution for you! Our product allows real-time collaboration and provides detailed progress tracking.,2024-06-13 23:13:27
Customer,That sounds exactly like what I need.,2024-06-13 23:13:27
Salesman,You can start by signing up on our website.,2024-06-13 23:13:27
Customer,Thank you! That would be very helpful.,2024-06-13 23:13:27
Salesman,My pleasure! Let’s get you set up.,2024-06-13 23:13:27
Customer,Not at the moment.,2024-06-13 23:13:27
Salesman,Fantastic! I’ll be here if you need any further assistance.,2024-06-13 23:13:27
Salesman,"If you have any questions, you can reach out to us at sales@customerscan.com or via Twitter at @customerscan.",2024-06-13 23:13:27
Salesman,Hello! I'm excited to introduce you to our latest product.,2024-06-13 23:13:27
Customer,"I use a basic to-do list app, but it lacks some features I need.",2024-06-13 23:13:27
Salesman,"Our product offers advanced features like task prioritization, reminders, and collaboration tools.",2024-06-13 23:13:27
Customer,"Yes, that sounds great!
Salesman: You can start by signing up on our website.",2024-06-13 23:13:27
Customer,Thank you! That would be very helpful.,2024-06-13 23:13:27
Salesman,"My pleasure! Let
’ bes you set up.",2024-06-13 23:13:27
Customer,Not at the moment.,2024-06-13 23:13:27
Salesman,Fantastic! I’ll be here if you need any further assistance.,2024-06-13 23:13:27
Salesman,"If you have any questions, you can reach out to us at sales@customerscan.com or via Twitter at @customerscan.",2024-06-13 23:13:27
Salesman,Hello! I'm excited to introduce you to our latest product.,2024-06-13 23:13:27
Customer,"I use a basic to-do list app, but it
’ lacks some features I need.",2024-06-13 23:13:27
Salesman,"Our product offers advanced features like task prioritization, reminders, and collaboration tools.",2024-06-13 23:13:27
Customer,"Yes, that sounds great!
 Salesman: You can start by signing up on our website.",2024-06-13 23:13:27
Customer,Thank you! That would be very helpful.,2024-06-13 23:13:27
Salesman,My pleasure! Let's get you set up.,2024-06-13 23:13:27
Customer,Not at the moment.,2024-06-13 23:13:27
Salesman,"Fantastic! I’ll be here if you need
’ any further assistance.",2024-06-13 23:13:27
Salesman,"If you have any questions, you can reach out to us at sales@customerscan.com or via Twitter at @customerscan.",2024-06-13 23:13:27
Salesman,Hello! I'm excited to introduce you to our latest product.,2024-06-13 23:13:27
Customer,"I use a basic to-do list app, but it lacks some features I need.",2024-06-13 23:13:27
Salesman,"Our product offers advanced features like task prioritization, reminders, and collaboration tools.",2024-06-13 23:13:27
Customer,"Yes, that sounds great!
Salesman: You can start by signing up on our website.",2024-06-13 23:13:27
Customer,Thank you! That would be very helpful.,2024-06-13 23:13:27
Salesman,My pleasure! Let's get you set up.,2024-06-13 23:13:27
Customer,Not at the moment.,2024-06-13 23:13:27
Salesman,Fantastic! I’ll be here if you need any further assistance.,2024-06-13 23:13:27
Salesman,"If you have any questions, you can reach out to us at sales@customerscan.com or
’ via Twitter at @customerscan.",2024-06-13 23:13:27
Salesman,Hello! I'm excited to introduce you to our latest product.,2024-06-13 23:13:27
Customer,"I use a basic to-do list app, but it lacks some features I need.",2024-06-13 23:13:27
Salesman,"Our product offers advanced features like task prioritization, reminders, and collaboration tools.",2024-06-13 23:13:27
Customer,"Yes, that sounds great!
Salesman: You can start by signing up on our website.",2024-06-13 23:13:27
Customer,"Thank you! That would be
’ very helpful.",2024-06-13 23:13:27
Salesman,My pleasure! Let's get you set up.,2024-06-13 23:13:27
Customer,Not at the moment.,2024-06-13 23:13:27
Salesman,Fantastic! I’ll be here if you need any further assistance.,2024-06-13 23:13:27
Salesman,"If you have any questions, you can reach out to us at sales@customerscan.com or via Twitter at @customerscan.",2024-06-13 23:13:27
Salesman,Hello! I'm excited to introduce you to our latest product.,2024-06-13 23:13:27
Customer,I,2024-06-13 23:13:27
Customer,"Yes, that sounds great!
    Salesman: Great! I’ll schedule a demo for you.",2024-06-13 23:14:12
Salesman,Can you tell me more about the features you are looking for?,2024-06-13 23:14:12
Customer,"Well, I need features that help me track my progress and collaborate with my team.",2024-06-13 23:14:12
Salesman,We have just the solution for you! Our product allows real-time collaboration and provides detailed progress tracking.,2024-06-13 23:14:12
Customer,That sounds exactly like what I need.,2024-06-13 23:14:12
Salesman,You can start by signing up on our website.,2024-06-13 23:14:12
Customer,Thank you! That would be very helpful.,2024-06-13 23:14:12
Salesman,My pleasure! Let’s get you set up.,2024-06-13 23:14:12
Customer,Not at the moment.,2024-06-13 23:14:12
Salesman,Fantastic! I’ll be here if you need any further assistance.,2024-06-13 23:14:12
Salesman,"If you have any questions, you can reach out to us at sales@customerscan.com or via Twitter at @customerscan.",2024-06-13 23:14:12
Salesman,Hello! I'm excited to introduce you to our latest product.,2024-06-13 23:14:12
Customer,"I use a basic to-do list app, but it lacks some features I need.",2024-06-13 23:14:12
Salesman,"Our product offers advanced features like task prioritization, reminders, and collaboration tools.",2024-06-13 23:14:12
Customer,"Yes, that sounds great!
Salesman: You can start by signing up on our website.",2024-06-13 23:14:12
Customer,Thank you! That would be very helpful.,2024-06-13 23:14:12
Salesman,"My pleasure! Let
’ bes you set up.",2024-06-13 23:14:12
Customer,Not at the moment.,2024-06-13 23:14:12
Salesman,Fantastic! I’ll be here if you need any further assistance.,2024-06-13 23:14:12
Salesman,"If you have any questions, you can reach out to us at sales@customerscan.com or via Twitter at @customerscan.",2024-06-13 23:14:12
Salesman,Hello! I'm excited to introduce you to our latest product.,2024-06-13 23:14:12
Customer,"I use a basic to-do list app, but it
’ lacks some features I need.",2024-06-13 23:14:12
Salesman,"Our product offers advanced features like task prioritization, reminders, and collaboration tools.",2024-06-13 23:14:12
Customer,"Yes, that sounds great!
 Salesman: You can start by signing up on our website.",2024-06-13 23:14:12
Customer,Thank you! That would be very helpful.,2024-06-13 23:14:12
Salesman,My pleasure! Let's get you set up.,2024-06-13 23:14:12
Customer,Not at the moment.,2024-06-13 23:14:12
Salesman,"Fantastic! I’ll be here if you need
’ any further assistance.",2024-06-13 23:14:12
Salesman,"If you have any questions, you can reach out to us at sales@customerscan.com or via Twitter at @customerscan.",2024-06-13 23:14:12
Salesman,Hello! I'm excited to introduce you to our latest product.,2024-06-13 23:14:12
Customer,"I use a basic to-do list app, but it lacks some features I need.",2024-06-13 23:14:12
Salesman,"Our product offers advanced features like task prioritization, reminders, and collaboration tools.",2024-06-13 23:14:12
Customer,"Yes, that sounds great!
Salesman: You can start by signing up on our website.",2024-06-13 23:14:12
Customer,Thank you! That would be very helpful.,2024-06-13 23:14:12
Salesman,My pleasure! Let's get you set up.,2024-06-13 23:14:12
Customer,Not at the moment.,2024-06-13 23:14:12
Salesman,Fantastic! I’ll be here if you need any further assistance.,2024-06-13 23:14:12
Salesman,"If you have any questions, you can reach out to us at sales@customerscan.com or
’ via Twitter at @customerscan.",2024-06-13 23:14:12
Salesman,Hello! I'm excited to introduce you to our latest product.,2024-06-13 23:14:12
Customer,"I use a basic to-do list app, but it lacks some features I need.",2024-06-13 23:14:12
Salesman,"Our product offers advanced features like task prioritization, reminders, and collaboration tools.",2024-06-13 23:14:12
Customer,"Yes, that sounds great!
Salesman: You can start by signing up on our website.",2024-06-13 23:14:12
Customer,"Thank you! That would be
’ very helpful.",2024-06-13 23:14:12
Salesman,My pleasure! Let's get you set up.,2024-06-13 23:14:12
Customer,Not at the moment.,2024-06-13 23:14:12
Salesman,Fantastic! I’ll be here if you need any further assistance.,2024-06-13 23:14:12
Salesman,"If you have any questions, you can reach out to us at sales@customerscan.com or via Twitter at @customerscan.",2024-06-13 23:14:12
Salesman,Hello! I'm excited to introduce you to our latest product.,2024-06-13 23:14:12
Customer,"I
’ use a basic to-do list app, but it lacks some features I need.",2024-06-13 23:14:12
Salesman,"Our product offers advanced features like task prioritization, reminders, and collaboration tools.",2024-06-13 23:14:12
Customer,"Yes, that sounds great!
Salesman: You can start by signing up on our website.",2024-06-13 23:14:12
Customer,Thank you! That would be very helpful.,2024-06-13 23:14:12
Salesman,My pleasure! Let's get you set up.,2024-06-13 23:14:12
Customer,Not at the moment.,2024-06-13 23:14:12
Salesman,Hello! I'm excited to introduce you to our latest product.,2024-06-13 23:14:36
Customer,"I use a basic to-do list app, but it lacks some features I need.",2024-06-13 23:14:36
Salesman,"Our product offers advanced features like task prioritization, reminders, and collaboration tools.",2024-06-13 23:14:36
Customer,"Yes, that sounds great!
    Salesman: Great! I’ll schedule a demo for you.",2024-06-13 23:14:36
Salesman,Can you tell me more about the features you are looking for?,2024-06-13 23:14:36
Customer,"Well, I need features that help me track my progress and collaborate with my team.",2024-06-13 23:14:36
Salesman,We have just the solution for you! Our product allows real-time collaboration and provides detailed progress tracking.,2024-06-13 23:14:36
Customer,That sounds exactly like what I need.,2024-06-13 23:14:36
Salesman,You can start by signing up on our website.,2024-06-13 23:14:36
Customer,Thank you! That would be very helpful.,2024-06-13 23:14:36
Salesman,My pleasure! Let’s get you set up.,2024-06-13 23:14:36
Customer,Not at the moment.,2024-06-13 23:14:36
Salesman,Fantastic! I’ll be here if you need any further assistance.,2024-06-13 23:14:36
Customer,Thank you very much! I will be back for more information when I’m ready.,2024-06-13 23:14:36
Salesman,Hello! I'm excited to introduce you to our latest product.,2024-06-13 23:15:09
Customer,"I use a basic to-do list app, but it lacks some features I need.",2024-06-13 23:15:09
Salesman,"Our product offers advanced features like task prioritization, reminders, and collaboration tools.",2024-06-13 23:15:09
Customer,"Yes, that sounds great!
    Salesman: Great! I’ll schedule a demo for you.",2024-06-13 23:15:09
Salesman,Can you tell me more about the features you are looking for?,2024-06-13 23:15:09
Customer,"Well, I need features that help me track my progress and collaborate with my team.",2024-06-13 23:15:09
Salesman,We have just the solution for you! Our product allows real-time collaboration and provides detailed progress tracking.,2024-06-13 23:15:09
Customer,That sounds exactly like what I need.,2024-06-13 23:15:09
Salesman,You can start by signing up on our website.,2024-06-13 23:15:09
Customer,Thank you! That would be very helpful.,2024-06-13 23:15:09
Salesman,My pleasure! Let’s get you set up.,2024-06-13 23:15:09
Customer,Not at the moment.,2024-06-13 23:15:09
Salesman,Fantastic! I’ll be here if you need any further assistance.,2024-06-13 23:15:09
Salesman,Hello! I'm excited to introduce you to our latest product.,2024-06-13 23:15:09
Customer,"I use a basic to-do list app, but it lacks some features I need.",2024-06-13 23:15:09
Salesman,"Our product offers advanced features like task prioritization, reminders, and collaboration tools.",2024-06-13 23:15:09
Customer,"Yes, that sounds great!
    Salesman: Great! I’ll schedule a demo for you.",2024-06-13 23:15:09
Salesman,Can you tell me more about the features you are looking for?,2024-06-13 23:15:09
Customer,"Well, I need features that help me track my progress and collaborate with my team.",2024-06-13 23:15:09
Salesman,We have just the solution for you! Our product allows real-time collaboration and provides detailed progress tracking.,2024-06-13 23:15:09
Customer,That sounds exactly like what I need.,2024-06-13 23:15:09
Salesman,You can start by signing up on our website.,2024-06-13 23:15:09
Customer,Thank you! That would be very helpful.,2024-06-13 23:15:09
Salesman,My pleasure! Let’s get you set up.,2024-06-13 23:15:09
Customer,Not at the moment.,2024-06-13 23:15:09
Salesman,Fantastic! I’ll be here if you need any further assistance.,2024-06-13 23:15:09
Customer,Thank you very much! I will be back for more information when I’m ready.,2024-06-13 23:15:09
Salesman,Hello! I'm excited to introduce you to our latest product.,2024-06-13 23:15:09
Customer,"I use a basic to-do list app, but it lacks some features I need.",2024-06-13 23:15:09
Salesman,"Our product offers advanced features like task prioritization, reminders, and collaboration tools.",2024-06-13 23:15:09
Customer,"Yes, that sounds great!
Salesman: Great! I’ll schedule a demo for you.",2024-06-13 23:15:09
Salesman,Can you tell me more about the features you are looking for?,2024-06-13 23:15:09
Customer,Thank you! That would be very helpful.,2024-06-13 23:15:54
Salesman,My pleasure! Let’s get you set up.,2024-06-13 23:15:54
Customer,Not at the moment.,2024-06-13 23:15:54
Salesman,Fantastic! I’ll be here if you need any further assistance.,2024-06-13 23:15:54
Salesman,Hello! I'm excited to introduce you to our latest product.,2024-06-13 23:15:54
Customer,"I use a basic to-do list app, but it lacks some features I need.",2024-06-13 23:15:54
Salesman,"Our product offers advanced features like task prioritization, reminders, and collaboration tools.",2024-06-13 23:15:54
Customer,"Yes, that sounds great!
    Salesman: Great! I’ll schedule a demo for you.",2024-06-13 23:15:54
Salesman,Can you tell me more about the features you are looking for?,2024-06-13 23:15:54
Customer,"Well, I need features that help me track my progress and collaborate with my team.",2024-06-13 23:15:54
Salesman,We have just the solution for you! Our product allows real-time collaboration and provides detailed progress tracking.,2024-06-13 23:15:54
Customer,That sounds exactly like what I need.,2024-06-13 23:15:54
Salesman,You can start by signing up on our website.,2024-06-13 23:15:54
Customer,Thank you! That would be very helpful.,2024-06-13 23:15:54
Salesman,My pleasure! Let’s get you set up.,2024-06-13 23:15:54
Customer,Not at the moment.,2024-06-13 23:15:54
Salesman,Fantastic! I’ll be here if you need any further assistance.,2024-06-13 23:15:54
Customer,Thank you very much! I will be back for more information when I’m ready.,2024-06-13 23:15:54
Salesman,Hello! I'm excited to introduce you to our latest product.,2024-06-13 23:15:54
Customer,"I use a basic to-do list app, but it lacks some features I need.",2024-06-13 23:15:54
Salesman,"Our product offers advanced features like task prioritization, reminders, and collaboration tools.",2024-06-13 23:15:54
Customer,"Yes, that sounds great!
    Salesman: Great! I’ll schedule a demo for you.",2024-06-13 23:15:54
Salesman,Can you tell me more about the features you are looking for?,2024-06-13 23:15:54
Customer,"Well, I need features that help me track my progress and collaborate with my team.",2024-06-13 23:15:54
Salesman,We have just the solution for you! Our product allows real-time collaboration and provides detailed progress tracking.,2024-06-13 23:15:54
Customer,That sounds exactly like what I need.,2024-06-13 23:15:54
Salesman,You can start by signing up on our website.,2024-06-13 23:15:54
Customer,Thank you! That would be very helpful.,2024-06-13 23:15:54
Salesman,My pleasure! Let’s get you set up.,2024-06-13 23:15:54
Customer,Not at the moment.,2024-06-13 23:15:54
Salesman,Fantastic! I’ll be here if you need any further assistance.,2024-06-13 23:15:54
Salesman,Hello! I'm excited to introduce you to our latest product.,2024-06-13 23:15:54
Customer,"I use a basic to-do list app, but it lacks some features I need.",2024-06-13 23:15:54
Salesman,"Our product offers advanced features like task prioritization, reminders, and collaboration tools.",2024-06-13 23:15:54
Customer,"Yes, that sounds great!
    Salesman: Great! I’ll schedule a demo for you.",2024-06-13 23:15:54
Salesman,Can you tell me more about the features you are looking for?,2024-06-13 23:15:54
Customer,"Well, I need features that help me track my progress and collaborate with my team.",2024-06-13 23:15:54
Salesman,We have just the solution for you! Our product allows real-time collaboration and provides detailed progress tracking.,2024-06-13 23:15:54
Customer,That sounds exactly like what I need.,2024-06-13 23:15:54
Salesman,You can start by signing up on our website.,2024-06-13 23:15:54
Customer,Thank you! That would be very helpful.,2024-06-13 23:15:54
Salesman,My pleasure! Let’s get you set up.,2024-06-13 23:15:54
Customer,Not at the moment.,2024-06-13 23:15:54
Salesman,Fantastic! I’ll be here if you need any further assistance.,2024-06-13 23:15:54
Customer,Thank you very much! I will be back for more information when I’m ready.,2024-06-13 23:15:54
Salesman,Hello! I'm excited to introduce you to our latest product.,2024-06-13 23:15:54
Customer,"I use a basic to-do list app, but it lacks some features I need.",2024-06-13 23:15:54
Salesman,"Our product offers advanced features like task prioritization, reminders, and collaboration tools.",2024-06-13 23:15:54
Customer,"Yes, that sounds great!
Salesman: Great! I’ll schedule a demo for you.",2024-06-13 23:15:54
Salesman,Can you tell me more about the features you are looking for?,2024-06-13 23:15:54
Customer,"Well, I need features that help me track my progress and collaborate with my team.",2024-06-13 23:15:54
Salesman,"Our product offers advanced features like task prioritization, reminders, and collaboration tools.",2024-06-13 23:15:54
Customer,"Yes, that sounds exactly like what I need.",2024-06-13 23:15:54
Salesman,You can start by signing up on our website.,2024-06-13 23:15:54
Customer,Thank you! That would be very helpful.,2024-06-13 23:15:54
Salesman,My pleasure! Let's get you set up.,2024-06-13 23:15:54
Customer,Not at the moment.,2024-06-13 23:15:54
Customer,"I use a basic to-do list app, but it lacks some features I need.",2024-06-13 23:16:43
Salesman,"Our product offers advanced features like task prioritization, reminders, and collaboration tools.",2024-06-13 23:16:43
Customer,"Yes, that sounds great!
    Salesman: Great! I’ll schedule a demo for you.",2024-06-13 23:16:43
Salesman,Can you tell me more about the features you are looking for?,2024-06-13 23:16:43
Customer,"Well, I need features that help me track my progress and collaborate with my team.",2024-06-13 23:16:43
Salesman,We have just the solution for you! Our product allows real-time collaboration and provides detailed progress tracking.,2024-06-13 23:16:43
Customer,That sounds exactly like what I need.,2024-06-13 23:16:43
Salesman,You can start by signing up on our website.,2024-06-13 23:16:43
Customer,Thank you! That would be very helpful.,2024-06-13 23:16:43
Salesman,My pleasure! Let’s get you set up.,2024-06-13 23:16:43
Customer,Not at the moment.,2024-06-13 23:16:43
Salesman,Fantastic! I’ll be here if you need any further assistance.,2024-06-13 23:16:43
Customer,Thank you very much! I will be back for more information when I’m ready.,2024-06-13 23:16:43
Salesman,Hello! I'm excited to introduce you to our latest product.,2024-06-13 23:16:43
Customer,"I use a basic to-do list app, but it lacks some features I need.",2024-06-13 23:16:43
Salesman,"Our product offers advanced features like task prioritization, reminders, and collaboration tools.",2024-06-13 23:16:43
Customer,"Yes, that sounds great!
    Salesman: Great! I’ll schedule a demo for you.",2024-06-13 23:16:43
Salesman,Can you tell me more about the features you are looking for?,2024-06-13 23:16:43
Customer,"Well, I need features that help me track my progress and collaborate with my team.",2024-06-13 23:16:43
Salesman,We have just the solution for you! Our product allows real-time collaboration and provides detailed progress tracking.,2024-06-13 23:16:43
Customer,That sounds exactly like what I need.,2024-06-13 23:16:43
Salesman,You can start by signing up on our website.,2024-06-13 23:16:43
Customer,Thank you! That would be very helpful.,2024-06-13 23:16:43
Salesman,My pleasure! Let’s get you set up.,2024-06-13 23:16:43
Customer,Not at the moment.,2024-06-13 23:16:43
Salesman,Fantastic! I’ll be here if you need any further assistance.,2024-06-13 23:16:43
Salesman,Hello! I'm excited to introduce you to our latest product.,2024-06-13 23:16:43
Customer,"I use a basic to-do list app, but it lacks some features I need.",2024-06-13 23:16:43
Salesman,"Our product offers advanced features like task prioritization, reminders, and collaboration tools.",2024-06-13 23:16:43
Customer,"Yes, that sounds great!
    Salesman: Great! I’ll schedule a demo for you.",2024-06-13 23:16:43
Salesman,Can you tell me more about the features you are looking for?,2024-06-13 23:16:43
Customer,"Well, I need features that help me track my progress and collaborate with my team.",2024-06-13 23:16:43
Salesman,We have just the solution for you! Our product allows real-time collaboration and provides detailed progress tracking.,2024-06-13 23:16:43
Customer,That sounds exactly like what I need.,2024-06-13 23:16:43
Salesman,You can start by signing up on our website.,2024-06-13 23:16:43
Customer,Thank you! That would be very helpful.,2024-06-13 23:16:43
Salesman,My pleasure! Let’s get you set up.,2024-06-13 23:16:43
Customer,Not at the moment.,2024-06-13 23:16:43
Salesman,Fantastic! I’ll be here if you need any further assistance.,2024-06-13 23:16:43
Customer,Thank you very much! I will be back for more information when I’m ready.,2024-06-13 23:16:43
Salesman,Hello! I'm excited to introduce you to our latest product.,2024-06-13 23:16:43
Customer,"I use a basic to-do list app, but it lacks some features I need.",2024-06-13 23:16:43
Salesman,"Our product offers advanced features like task prioritization, reminders, and collaboration tools.",2024-06-13 23:16:43
Customer,"Yes, that sounds great!
Salesman: Great! I’ll schedule a demo for you.",2024-06-13 23:16:43
Salesman,Can you tell me more about the features you are looking for?,2024-06-13 23:16:43
Customer,"Well, I need features that help me track my progress and collaborate with my team.",2024-06-13 23:16:43
Salesman,"Our product offers advanced features like task prioritization, reminders, and collaboration tools.",2024-06-13 23:16:43
Customer,"Yes, that sounds exactly like what I need.",2024-06-13 23:16:43
Salesman,You can start by signing up on our website.,2024-06-13 23:16:43
Customer,Thank you! That would be very helpful.,2024-06-13 23:16:43
Salesman,My pleasure! Let's get you set up.,2024-06-13 23:16:43
Customer,Not at the moment.,2024-06-13 23:16:43
Salesman,Fantastic! I’ll be here if you need any further assistance.,2024-06-13 23:16:43
Customer,Thank you very much! I will be back for more information when I’m ready.,2024-06-13 23:16:43
Salesman,Hello! I'm excited to introduce you to our latest product.,2024-06-13 23:16:43
Customer,"I use a basic to-do list app, but it lacks some features I need.",2024-06-13 23:16:43
Salesman,"Our product offers advanced features like task prioritization, reminders, and collaboration tools.",2024-06-13 23:16:43
Salesman,We have just the solution for you! Our product allows real-time collaboration and provides detailed progress tracking.,2024-06-13 23:17:27
Customer,That sounds exactly like what I need.,2024-06-13 23:17:27
Salesman,You can start by signing up on our website.,2024-06-13 23:17:27
Customer,Thank you! That would be very helpful.,2024-06-13 23:17:27
Salesman,My pleasure! Let’s get you set up.,2024-06-13 23:17:27
Customer,Not at the moment.,2024-06-13 23:17:27
Salesman,Fantastic! I’ll be here if you need any further assistance.,2024-06-13 23:17:27
Customer,Thank you very much! I will be back for more information when I’m ready.,2024-06-13 23:17:27
Salesman,Hello! I'm excited to introduce you to our latest product.,2024-06-13 23:17:27
Customer,"I use a basic to-do list app, but it lacks some features I need.",2024-06-13 23:17:27
Salesman,"Our product offers advanced features like task prioritization, reminders, and collaboration tools.",2024-06-13 23:17:27
Customer,"Yes, that sounds great!
    Salesman: Great! I’ll schedule a demo for you.",2024-06-13 23:17:27
Salesman,Can you tell me more about the features you are looking for?,2024-06-13 23:17:27
Customer,"Well, I need features that help me track my progress and collaborate with my team.",2024-06-13 23:17:27
Salesman,We have just the solution for you! Our product allows real-time collaboration and provides detailed progress tracking.,2024-06-13 23:17:27
Customer,That sounds exactly like what I need.,2024-06-13 23:17:27
Salesman,You can start by signing up on our website.,2024-06-13 23:17:27
Customer,Thank you! That would be very helpful.,2024-06-13 23:17:27
Salesman,My pleasure! Let’s get you set up.,2024-06-13 23:17:27
Customer,Not at the moment.,2024-06-13 23:17:27
Salesman,Fantastic! I’ll be here if you need any further assistance.,2024-06-13 23:17:27
Salesman,Hello! I'm excited to introduce you to our latest product.,2024-06-13 23:17:27
Customer,"I use a basic to-do list app, but it lacks some features I need.",2024-06-13 23:17:27
Salesman,"Our product offers advanced features like task prioritization, reminders, and collaboration tools.",2024-06-13 23:17:27
Customer,"Yes, that sounds great!
    Salesman: Great! I’ll schedule a demo for you.",2024-06-13 23:17:27
Salesman,Can you tell me more about the features you are looking for?,2024-06-13 23:17:27
Customer,"Well, I need features that help me track my progress and collaborate with my team.",2024-06-13 23:17:27
Salesman,We have just the solution for you! Our product allows real-time collaboration and provides detailed progress tracking.,2024-06-13 23:17:27
Customer,That sounds exactly like what I need.,2024-06-13 23:17:27
Salesman,You can start by signing up on our website.,2024-06-13 23:17:27
Customer,Thank you! That would be very helpful.,2024-06-13 23:17:27
Salesman,My pleasure! Let’s get you set up.,2024-06-13 23:17:27
Customer,Not at the moment.,2024-06-13 23:17:27
Salesman,Fantastic! I’ll be here if you need any further assistance.,2024-06-13 23:17:27
Customer,Thank you very much! I will be back for more information when I’m ready.,2024-06-13 23:17:27
Salesman,Hello! I'm excited to introduce you to our latest product.,2024-06-13 23:17:27
Customer,"I use a basic to-do list app, but it lacks some features I need.",2024-06-13 23:17:27
Salesman,"Our product offers advanced features like task prioritization, reminders, and collaboration tools.",2024-06-13 23:17:27
Customer,"Yes, that sounds great!
Salesman: Great! I’ll schedule a demo for you.",2024-06-13 23:17:27
Salesman,Can you tell me more about the features you are looking for?,2024-06-13 23:17:27
Customer,"Well, I need features that help me track my progress and collaborate with my team.",2024-06-13 23:17:27
Salesman,"Our product offers advanced features like task prioritization, reminders, and collaboration tools.",2024-06-13 23:17:27
Customer,"Yes, that sounds exactly like what I need.",2024-06-13 23:17:27
Salesman,You can start by signing up on our website.,2024-06-13 23:17:27
Customer,Thank you! That would be very helpful.,2024-06-13 23:17:27
Salesman,My pleasure! Let's get you set up.,2024-06-13 23:17:27
Customer,Not at the moment.,2024-06-13 23:17:27
Salesman,Fantastic! I’ll be here if you need any further assistance.,2024-06-13 23:17:27
Customer,Thank you very much! I will be back for more information when I’m ready.,2024-06-13 23:17:27
Salesman,Hello! I'm excited to introduce you to our latest product.,2024-06-13 23:17:27
Customer,"I use a basic to-do list app, but it lacks some features I need.",2024-06-13 23:17:27
Salesman,"Our product offers advanced features like task prioritization, reminders, and collaboration tools.",2024-06-13 23:17:27
Customer,"Yes, that sounds great!
Salesman: Great! I’ll schedule a demo for you.",2024-06-13 23:17:27
Salesman,Can you tell me more about the features you are looking for?,2024-06-13 23:17:27
Customer,"Well, I need features that help me track my progress and collaborate with my team.",2024-06-13 23:17:27
Salesman,"Our product offers advanced features like task prioritization, reminders, and collaboration tools.",2024-06-13 23:17:27
Customer,"Yes, that sounds exactly like what I need.",2024-06-13 23:17:27
Salesman,You can,2024-06-13 23:17:27
Salesman,Fantastic! I’ll be here if you need any further assistance.,2024-06-13 23:18:13
Customer,Thank you very much! I will be back for more information when I’m ready.,2024-06-13 23:18:13
Salesman,Hello! I'm excited to introduce you to our latest product.,2024-06-13 23:18:13
Customer,"I use a basic to-do list app, but it lacks some features I need.",2024-06-13 23:18:13
Salesman,"Our product offers advanced features like task prioritization, reminders, and collaboration tools.",2024-06-13 23:18:13
Customer,"Yes, that sounds great!
    Salesman: Great! I’ll schedule a demo for you.",2024-06-13 23:18:13
Salesman,Can you tell me more about the features you are looking for?,2024-06-13 23:18:13
Customer,"Well, I need features that help me track my progress and collaborate with my team.",2024-06-13 23:18:13
Salesman,We have just the solution for you! Our product allows real-time collaboration and provides detailed progress tracking.,2024-06-13 23:18:13
Customer,That sounds exactly like what I need.,2024-06-13 23:18:13
Salesman,You can start by signing up on our website.,2024-06-13 23:18:13
Customer,Thank you! That would be very helpful.,2024-06-13 23:18:13
Salesman,My pleasure! Let’s get you set up.,2024-06-13 23:18:13
Customer,Not at the moment.,2024-06-13 23:18:13
Salesman,Fantastic! I’ll be here if you need any further assistance.,2024-06-13 23:18:13
Salesman,Hello! I'm excited to introduce you to our latest product.,2024-06-13 23:18:13
Customer,"I use a basic to-do list app, but it lacks some features I need.",2024-06-13 23:18:13
Salesman,"Our product offers advanced features like task prioritization, reminders, and collaboration tools.",2024-06-13 23:18:13
Customer,"Yes, that sounds great!
    Salesman: Great! I’ll schedule a demo for you.",2024-06-13 23:18:13
Salesman,Can you tell me more about the features you are looking for?,2024-06-13 23:18:13
Customer,"Well, I need features that help me track my progress and collaborate with my team.",2024-06-13 23:18:13
Salesman,We have just the solution for you! Our product allows real-time collaboration and provides detailed progress tracking.,2024-06-13 23:18:13
Customer,That sounds exactly like what I need.,2024-06-13 23:18:13
Salesman,You can start by signing up on our website.,2024-06-13 23:18:13
Customer,Thank you! That would be very helpful.,2024-06-13 23:18:13
Salesman,My pleasure! Let’s get you set up.,2024-06-13 23:18:13
Customer,Not at the moment.,2024-06-13 23:18:13
Salesman,Fantastic! I’ll be here if you need any further assistance.,2024-06-13 23:18:13
Customer,Thank you very much! I will be back for more information when I’m ready.,2024-06-13 23:18:13
Salesman,Hello! I'm excited to introduce you to our latest product.,2024-06-13 23:18:13
Customer,"I use a basic to-do list app, but it lacks some features I need.",2024-06-13 23:18:13
Salesman,"Our product offers advanced features like task prioritization, reminders, and collaboration tools.",2024-06-13 23:18:13
Customer,"Yes, that sounds great!
Salesman: Great! I’ll schedule a demo for you.",2024-06-13 23:18:13
Salesman,Can you tell me more about the features you are looking for?,2024-06-13 23:18:13
Customer,"Well, I need features that help me track my progress and collaborate with my team.",2024-06-13 23:18:13
Salesman,"Our product offers advanced features like task prioritization, reminders, and collaboration tools.",2024-06-13 23:18:13
Customer,"Yes, that sounds exactly like what I need.",2024-06-13 23:18:13
Salesman,You can start by signing up on our website.,2024-06-13 23:18:13
Customer,Thank you! That would be very helpful.,2024-06-13 23:18:13
Salesman,My pleasure! Let's get you set up.,2024-06-13 23:18:13
Customer,Not at the moment.,2024-06-13 23:18:13
Salesman,Fantastic! I’ll be here if you need any further assistance.,2024-06-13 23:18:13
Customer,Thank you very much! I will be back for more information when I’m ready.,2024-06-13 23:18:13
Salesman,Hello! I'm excited to introduce you to our latest product.,2024-06-13 23:18:13
Customer,"I use a basic to-do list app, but it lacks some features I need.",2024-06-13 23:18:13
Salesman,"Our product offers advanced features like task prioritization, reminders, and collaboration tools.",2024-06-13 23:18:13
Customer,"Yes, that sounds great!
Salesman: Great! I’ll schedule a demo for you.",2024-06-13 23:18:13
Salesman,Can you tell me more about the features you are looking for?,2024-06-13 23:18:13
Customer,"Well, I need features that help me track my progress and collaborate with my team.",2024-06-13 23:18:13
Salesman,"Our product offers advanced features like task prioritization, reminders, and collaboration tools.",2024-06-13 23:18:13
Customer,"Yes, that sounds exactly like what I need.",2024-06-13 23:18:13
Salesman,"You can
e start by signing up on our website.",2024-06-13 23:18:13
Customer,Thank you! That would be very helpful.,2024-06-13 23:18:13
Salesman,My pleasure! Let's get you set up.,2024-06-13 23:18:13
Customer,Not at the moment.,2024-06-13 23:18:13
Salesman,Fantastic! I’ll be here if you need any further assistance.,2024-06-13 23:18:13
Customer,Thank you very much! I will be back for more information when I’m ready.,2024-06-13 23:18:13
Salesman,Hello! I'm excited to introduce you to our latest product,2024-06-13 23:18:13
Customer,"Yes, that sounds great!
    Salesman: Great! I’ll schedule a demo for you.",2024-06-13 23:18:57
Salesman,Can you tell me more about the features you are looking for?,2024-06-13 23:18:57
Customer,"Well, I need features that help me track my progress and collaborate with my team.",2024-06-13 23:18:57
Salesman,We have just the solution for you! Our product allows real-time collaboration and provides detailed progress tracking.,2024-06-13 23:18:57
Customer,That sounds exactly like what I need.,2024-06-13 23:18:57
Salesman,You can start by signing up on our website.,2024-06-13 23:18:57
Customer,Thank you! That would be very helpful.,2024-06-13 23:18:57
Salesman,My pleasure! Let’s get you set up.,2024-06-13 23:18:57
Customer,Not at the moment.,2024-06-13 23:18:57
Salesman,Fantastic! I’ll be here if you need any further assistance.,2024-06-13 23:18:57
Salesman,Hello! I'm excited to introduce you to our latest product.,2024-06-13 23:18:57
Customer,"I use a basic to-do list app, but it lacks some features I need.",2024-06-13 23:18:57
Salesman,"Our product offers advanced features like task prioritization, reminders, and collaboration tools.",2024-06-13 23:18:57
Customer,"Yes, that sounds great!
    Salesman: Great! I’ll schedule a demo for you.",2024-06-13 23:18:57
Salesman,Can you tell me more about the features you are looking for?,2024-06-13 23:18:57
Customer,"Well, I need features that help me track my progress and collaborate with my team.",2024-06-13 23:18:57
Salesman,We have just the solution for you! Our product allows real-time collaboration and provides detailed progress tracking.,2024-06-13 23:18:57
Customer,That sounds exactly like what I need.,2024-06-13 23:18:57
Salesman,You can start by signing up on our website.,2024-06-13 23:18:57
Customer,Thank you! That would be very helpful.,2024-06-13 23:18:57
Salesman,My pleasure! Let’s get you set up.,2024-06-13 23:18:57
Customer,Not at the moment.,2024-06-13 23:18:57
Salesman,Fantastic! I’ll be here if you need any further assistance.,2024-06-13 23:18:57
Customer,Thank you very much! I will be back for more information when I’m ready.,2024-06-13 23:18:57
Salesman,Hello! I'm excited to introduce you to our latest product.,2024-06-13 23:18:57
Customer,"I use a basic to-do list app, but it lacks some features I need.",2024-06-13 23:18:57
Salesman,"Our product offers advanced features like task prioritization, reminders, and collaboration tools.",2024-06-13 23:18:57
Customer,"Yes, that sounds great!
Salesman: Great! I’ll schedule a demo for you.",2024-06-13 23:18:57
Salesman,Can you tell me more about the features you are looking for?,2024-06-13 23:18:57
Customer,"Well, I need features that help me track my progress and collaborate with my team.",2024-06-13 23:18:57
Salesman,"Our product offers advanced features like task prioritization, reminders, and collaboration tools.",2024-06-13 23:18:57
Customer,"Yes, that sounds exactly like what I need.",2024-06-13 23:18:57
Salesman,You can start by signing up on our website.,2024-06-13 23:18:57
Customer,Thank you! That would be very helpful.,2024-06-13 23:18:57
Salesman,My pleasure! Let's get you set up.,2024-06-13 23:18:57
Customer,Not at the moment.,2024-06-13 23:18:57
Salesman,Fantastic! I’ll be here if you need any further assistance.,2024-06-13 23:18:57
Customer,Thank you very much! I will be back for more information when I’m ready.,2024-06-13 23:18:57
Salesman,Hello! I'm excited to introduce you to our latest product.,2024-06-13 23:18:57
Customer,"I use a basic to-do list app, but it lacks some features I need.",2024-06-13 23:18:57
Salesman,"Our product offers advanced features like task prioritization, reminders, and collaboration tools.",2024-06-13 23:18:57
Customer,"Yes, that sounds great!
Salesman: Great! I’ll schedule a demo for you.",2024-06-13 23:18:57
Salesman,Can you tell me more about the features you are looking for?,2024-06-13 23:18:57
Customer,"Well, I need features that help me track my progress and collaborate with my team.",2024-06-13 23:18:57
Salesman,"Our product offers advanced features like task prioritization, reminders, and collaboration tools.",2024-06-13 23:18:57
Customer,"Yes, that sounds exactly like what I need.",2024-06-13 23:18:57
Salesman,"You can
e start by signing up on our website.",2024-06-13 23:18:57
Customer,Thank you! That would be very helpful.,2024-06-13 23:18:57
Salesman,My pleasure! Let's get you set up.,2024-06-13 23:18:57
Customer,Not at the moment.,2024-06-13 23:18:57
Salesman,Fantastic! I’ll be here if you need any further assistance.,2024-06-13 23:18:57
Customer,Thank you very much! I will be back for more information when I’m ready.,2024-06-13 23:18:57
Salesman,"Hello! I'm excited to introduce you to our latest product
Customer: I use a basic to-do list app, but it lacks some features I need.",2024-06-13 23:18:57
Salesman,"Our product offers advanced features like task prioritization, reminders, and collaboration tools.",2024-06-13 23:18:57
Customer,"Yes, that sounds great!
Salesman: Great! I’ll schedule a demo for you.",2024-06-13 23:18:57
Salesman,Can you tell me more about the features you are looking for?,2024-06-13 23:18:57
Customer,"Well, I need features that help me track my progress and collaborate with my",2024-06-13 23:18:57
Salesman,You can start by signing up on our website.,2024-06-13 23:19:42
Customer,Thank you! That would be very helpful.,2024-06-13 23:19:42
Salesman,My pleasure! Let’s get you set up.,2024-06-13 23:19:42
Customer,Not at the moment.,2024-06-13 23:19:42
Salesman,Fantastic! I’ll be here if you need any further assistance.,2024-06-13 23:19:42
Salesman,Hello! I'm excited to introduce you to our latest product.,2024-06-13 23:19:42
Customer,"I use a basic to-do list app, but it lacks some features I need.",2024-06-13 23:19:42
Salesman,"Our product offers advanced features like task prioritization, reminders, and collaboration tools.",2024-06-13 23:19:42
Customer,"Yes, that sounds great!
    Salesman: Great! I’ll schedule a demo for you.",2024-06-13 23:19:42
Salesman,Can you tell me more about the features you are looking for?,2024-06-13 23:19:42
Customer,"Well, I need features that help me track my progress and collaborate with my team.",2024-06-13 23:19:42
Salesman,We have just the solution for you! Our product allows real-time collaboration and provides detailed progress tracking.,2024-06-13 23:19:42
Customer,That sounds exactly like what I need.,2024-06-13 23:19:42
Salesman,You can start by signing up on our website.,2024-06-13 23:19:42
Customer,Thank you! That would be very helpful.,2024-06-13 23:19:42
Salesman,My pleasure! Let’s get you set up.,2024-06-13 23:19:42
Customer,Not at the moment.,2024-06-13 23:19:42
Salesman,Fantastic! I’ll be here if you need any further assistance.,2024-06-13 23:19:42
Customer,Thank you very much! I will be back for more information when I’m ready.,2024-06-13 23:19:42
Salesman,Hello! I'm excited to introduce you to our latest product.,2024-06-13 23:19:42
Customer,"I use a basic to-do list app, but it lacks some features I need.",2024-06-13 23:19:42
Salesman,"Our product offers advanced features like task prioritization, reminders, and collaboration tools.",2024-06-13 23:19:42
Customer,"Yes, that sounds great!
Salesman: Great! I’ll schedule a demo for you.",2024-06-13 23:19:42
Salesman,Can you tell me more about the features you are looking for?,2024-06-13 23:19:42
Customer,"Well, I need features that help me track my progress and collaborate with my team.",2024-06-13 23:19:42
Salesman,"Our product offers advanced features like task prioritization, reminders, and collaboration tools.",2024-06-13 23:19:42
Customer,"Yes, that sounds exactly like what I need.",2024-06-13 23:19:42
Salesman,You can start by signing up on our website.,2024-06-13 23:19:42
Customer,Thank you! That would be very helpful.,2024-06-13 23:19:42
Salesman,My pleasure! Let's get you set up.,2024-06-13 23:19:42
Customer,Not at the moment.,2024-06-13 23:19:42
Salesman,Fantastic! I’ll be here if you need any further assistance.,2024-06-13 23:19:42
Customer,Thank you very much! I will be back for more information when I’m ready.,2024-06-13 23:19:42
Salesman,Hello! I'm excited to introduce you to our latest product.,2024-06-13 23:19:42
Customer,"I use a basic to-do list app, but it lacks some features I need.",2024-06-13 23:19:42
Salesman,"Our product offers advanced features like task prioritization, reminders, and collaboration tools.",2024-06-13 23:19:42
Customer,"Yes, that sounds great!
Salesman: Great! I’ll schedule a demo for you.",2024-06-13 23:19:42
Salesman,Can you tell me more about the features you are looking for?,2024-06-13 23:19:42
Customer,"Well, I need features that help me track my progress and collaborate with my team.",2024-06-13 23:19:42
Salesman,"Our product offers advanced features like task prioritization, reminders, and collaboration tools.",2024-06-13 23:19:42
Customer,"Yes, that sounds exactly like what I need.",2024-06-13 23:19:42
Salesman,"You can
e start by signing up on our website.",2024-06-13 23:19:42
Customer,Thank you! That would be very helpful.,2024-06-13 23:19:42
Salesman,My pleasure! Let's get you set up.,2024-06-13 23:19:42
Customer,Not at the moment.,2024-06-13 23:19:42
Salesman,Fantastic! I’ll be here if you need any further assistance.,2024-06-13 23:19:42
Customer,Thank you very much! I will be back for more information when I’m ready.,2024-06-13 23:19:42
Salesman,"Hello! I'm excited to introduce you to our latest product
Customer: I use a basic to-do list app, but it lacks some features I need.",2024-06-13 23:19:42
Salesman,"Our product offers advanced features like task prioritization, reminders, and collaboration tools.",2024-06-13 23:19:42
Customer,"Yes, that sounds great!
Salesman: Great! I’ll schedule a demo for you.",2024-06-13 23:19:42
Salesman,Can you tell me more about the features you are looking for?,2024-06-13 23:19:42
Customer,"Well, I need features that help me track my progress and collaborate with my
team.",2024-06-13 23:19:42
Salesman,"Our product offers advanced features like task prioritization, reminders, and collaboration tools.",2024-06-13 23:19:42
Customer,"Yes, that sounds exactly like what I need.",2024-06-13 23:19:42
Salesman,You can start by signing up on our website.,2024-06-13 23:19:42
Customer,Thank you! That would be very helpful.,2024-06-13 23:19:42
Salesman,My pleasure! Let's get you set up.,2024-06-13 23:19:42
Customer,Not at the moment.,2024-06-13 23:19:42
Salesman,Fantastic! I’ll be here if you need any further,2024-06-13 23:19:42
Salesman,"Our product offers advanced features like task prioritization, reminders, and collaboration tools.",2024-06-13 23:20:29
Customer,"Yes, that sounds great!
    Salesman: Great! I’ll schedule a demo for you.",2024-06-13 23:20:29
Salesman,Can you tell me more about the features you are looking for?,2024-06-13 23:20:29
Customer,"Well, I need features that help me track my progress and collaborate with my team.",2024-06-13 23:20:29
Salesman,We have just the solution for you! Our product allows real-time collaboration and provides detailed progress tracking.,2024-06-13 23:20:29
Customer,That sounds exactly like what I need.,2024-06-13 23:20:29
Salesman,You can start by signing up on our website.,2024-06-13 23:20:29
Customer,Thank you! That would be very helpful.,2024-06-13 23:20:29
Salesman,My pleasure! Let’s get you set up.,2024-06-13 23:20:29
Customer,Not at the moment.,2024-06-13 23:20:29
Salesman,Fantastic! I’ll be here if you need any further assistance.,2024-06-13 23:20:29
Customer,Thank you very much! I will be back for more information when I’m ready.,2024-06-13 23:20:29
Salesman,Hello! I'm excited to introduce you to our latest product.,2024-06-13 23:20:29
Customer,"I use a basic to-do list app, but it lacks some features I need.",2024-06-13 23:20:29
Salesman,"Our product offers advanced features like task prioritization, reminders, and collaboration tools.",2024-06-13 23:20:29
Customer,"Yes, that sounds great!
Salesman: Great! I’ll schedule a demo for you.",2024-06-13 23:20:29
Salesman,Can you tell me more about the features you are looking for?,2024-06-13 23:20:29
Customer,"Well, I need features that help me track my progress and collaborate with my team.",2024-06-13 23:20:29
Salesman,"Our product offers advanced features like task prioritization, reminders, and collaboration tools.",2024-06-13 23:20:29
Customer,"Yes, that sounds exactly like what I need.",2024-06-13 23:20:29
Salesman,You can start by signing up on our website.,2024-06-13 23:20:29
Customer,Thank you! That would be very helpful.,2024-06-13 23:20:29
Salesman,My pleasure! Let's get you set up.,2024-06-13 23:20:29
Customer,Not at the moment.,2024-06-13 23:20:29
Salesman,Fantastic! I’ll be here if you need any further assistance.,2024-06-13 23:20:29
Customer,Thank you very much! I will be back for more information when I’m ready.,2024-06-13 23:20:29
Salesman,Hello! I'm excited to introduce you to our latest product.,2024-06-13 23:20:29
Customer,"I use a basic to-do list app, but it lacks some features I need.",2024-06-13 23:20:29
Salesman,"Our product offers advanced features like task prioritization, reminders, and collaboration tools.",2024-06-13 23:20:29
Customer,"Yes, that sounds great!
Salesman: Great! I’ll schedule a demo for you.",2024-06-13 23:20:29
Salesman,Can you tell me more about the features you are looking for?,2024-06-13 23:20:29
Customer,"Well, I need features that help me track my progress and collaborate with my team.",2024-06-13 23:20:29
Salesman,"Our product offers advanced features like task prioritization, reminders, and collaboration tools.",2024-06-13 23:20:29
Customer,"Yes, that sounds exactly like what I need.",2024-06-13 23:20:29
Salesman,"You can
e start by signing up on our website.",2024-06-13 23:20:29
Customer,Thank you! That would be very helpful.,2024-06-13 23:20:29
Salesman,My pleasure! Let's get you set up.,2024-06-13 23:20:29
Customer,Not at the moment.,2024-06-13 23:20:29
Salesman,Fantastic! I’ll be here if you need any further assistance.,2024-06-13 23:20:29
Customer,Thank you very much! I will be back for more information when I’m ready.,2024-06-13 23:20:29
Salesman,"Hello! I'm excited to introduce you to our latest product
Customer: I use a basic to-do list app, but it lacks some features I need.",2024-06-13 23:20:29
Salesman,"Our product offers advanced features like task prioritization, reminders, and collaboration tools.",2024-06-13 23:20:29
Customer,"Yes, that sounds great!
Salesman: Great! I’ll schedule a demo for you.",2024-06-13 23:20:29
Salesman,Can you tell me more about the features you are looking for?,2024-06-13 23:20:29
Customer,"Well, I need features that help me track my progress and collaborate with my
team.",2024-06-13 23:20:29
Salesman,"Our product offers advanced features like task prioritization, reminders, and collaboration tools.",2024-06-13 23:20:29
Customer,"Yes, that sounds exactly like what I need.",2024-06-13 23:20:29
Salesman,You can start by signing up on our website.,2024-06-13 23:20:29
Customer,Thank you! That would be very helpful.,2024-06-13 23:20:29
Salesman,My pleasure! Let's get you set up.,2024-06-13 23:20:29
Customer,Not at the moment.,2024-06-13 23:20:29
Salesman,"Fantastic! I’ll be here if you need any further
help.",2024-06-13 23:20:29
Customer,Thank you very much! I will be back for more information when I’m ready.,2024-06-13 23:20:29
Salesman,Hello! I'm excited to introduce you to our latest product.,2024-06-13 23:20:29
Customer,"I use a basic to-do list app, but it lacks some features I need.",2024-06-13 23:20:29
Salesman,"Our product offers advanced features like task prioritization, reminders, and collaboration tools.",2024-06-13 23:20:29
Customer,"Yes, that sounds great!
Salesman: Great! I’",2024-06-13 23:20:29
Customer,That sounds exactly like what I need.,2024-06-13 23:21:16
Salesman,You can start by signing up on our website.,2024-06-13 23:21:16
Customer,Thank you! That would be very helpful.,2024-06-13 23:21:16
Salesman,My pleasure! Let’s get you set up.,2024-06-13 23:21:16
Customer,Not at the moment.,2024-06-13 23:21:16
Salesman,Fantastic! I’ll be here if you need any further assistance.,2024-06-13 23:21:16
Customer,Thank you very much! I will be back for more information when I’m ready.,2024-06-13 23:21:16
Salesman,Hello! I'm excited to introduce you to our latest product.,2024-06-13 23:21:16
Customer,"I use a basic to-do list app, but it lacks some features I need.",2024-06-13 23:21:16
Salesman,"Our product offers advanced features like task prioritization, reminders, and collaboration tools.",2024-06-13 23:21:16
Customer,"Yes, that sounds great!
Salesman: Great! I’ll schedule a demo for you.",2024-06-13 23:21:16
Salesman,Can you tell me more about the features you are looking for?,2024-06-13 23:21:16
Customer,"Well, I need features that help me track my progress and collaborate with my team.",2024-06-13 23:21:16
Salesman,"Our product offers advanced features like task prioritization, reminders, and collaboration tools.",2024-06-13 23:21:16
Customer,"Yes, that sounds exactly like what I need.",2024-06-13 23:21:16
Salesman,You can start by signing up on our website.,2024-06-13 23:21:16
Customer,Thank you! That would be very helpful.,2024-06-13 23:21:16
Salesman,My pleasure! Let's get you set up.,2024-06-13 23:21:16
Customer,Not at the moment.,2024-06-13 23:21:16
Salesman,Fantastic! I’ll be here if you need any further assistance.,2024-06-13 23:21:16
Customer,Thank you very much! I will be back for more information when I’m ready.,2024-06-13 23:21:16
Salesman,Hello! I'm excited to introduce you to our latest product.,2024-06-13 23:21:16
Customer,"I use a basic to-do list app, but it lacks some features I need.",2024-06-13 23:21:16
Salesman,"Our product offers advanced features like task prioritization, reminders, and collaboration tools.",2024-06-13 23:21:16
Customer,"Yes, that sounds great!
Salesman: Great! I’ll schedule a demo for you.",2024-06-13 23:21:16
Salesman,Can you tell me more about the features you are looking for?,2024-06-13 23:21:16
Customer,"Well, I need features that help me track my progress and collaborate with my team.",2024-06-13 23:21:16
Salesman,"Our product offers advanced features like task prioritization, reminders, and collaboration tools.",2024-06-13 23:21:16
Customer,"Yes, that sounds exactly like what I need.",2024-06-13 23:21:16
Salesman,"You can
e start by signing up on our website.",2024-06-13 23:21:16
Customer,Thank you! That would be very helpful.,2024-06-13 23:21:16
Salesman,My pleasure! Let's get you set up.,2024-06-13 23:21:16
Customer,Not at the moment.,2024-06-13 23:21:16
Salesman,Fantastic! I’ll be here if you need any further assistance.,2024-06-13 23:21:16
Customer,Thank you very much! I will be back for more information when I’m ready.,2024-06-13 23:21:16
Salesman,"Hello! I'm excited to introduce you to our latest product
Customer: I use a basic to-do list app, but it lacks some features I need.",2024-06-13 23:21:16
Salesman,"Our product offers advanced features like task prioritization, reminders, and collaboration tools.",2024-06-13 23:21:16
Customer,"Yes, that sounds great!
Salesman: Great! I’ll schedule a demo for you.",2024-06-13 23:21:16
Salesman,Can you tell me more about the features you are looking for?,2024-06-13 23:21:16
Customer,"Well, I need features that help me track my progress and collaborate with my
team.",2024-06-13 23:21:16
Salesman,"Our product offers advanced features like task prioritization, reminders, and collaboration tools.",2024-06-13 23:21:16
Customer,"Yes, that sounds exactly like what I need.",2024-06-13 23:21:16
Salesman,You can start by signing up on our website.,2024-06-13 23:21:16
Customer,Thank you! That would be very helpful.,2024-06-13 23:21:16
Salesman,My pleasure! Let's get you set up.,2024-06-13 23:21:16
Customer,Not at the moment.,2024-06-13 23:21:16
Salesman,"Fantastic! I’ll be here if you need any further
help.",2024-06-13 23:21:16
Customer,Thank you very much! I will be back for more information when I’m ready.,2024-06-13 23:21:16
Salesman,Hello! I'm excited to introduce you to our latest product.,2024-06-13 23:21:16
Customer,"I use a basic to-do list app, but it lacks some features I need.",2024-06-13 23:21:16
Salesman,"Our product offers advanced features like task prioritization, reminders, and collaboration tools.",2024-06-13 23:21:16
Customer,"Yes, that sounds great!
Salesman: Great! I’
Salesman: You can start by signing up on our website.",2024-06-13 23:21:16
Customer,Thank you! That would be very helpful.,2024-06-13 23:21:16
Salesman,My pleasure! Let's get you set up.,2024-06-13 23:21:16
Customer,Not at the moment.,2024-06-13 23:21:16
Salesman,"Fantastic! I’
Salesman: You can start by signing up on our website.",2024-06-13 23:21:16
Customer,Thank you! That would be very helpful.,2024-06-13 23:21:16
Salesman,My pleasure! Let's get you set up.,2024-06-13 23:21:16
Customer,Not,2024-06-13 23:21:16
